chapter,label,sheet
Y5 BM Modul 1a Asas,Riangnya Keluargaku,Y5 BM Modul 1a.csv
Y5 BM Modul 1b Sederhana,Riangnya Keluargaku,Y5 BM Modul 1b.csv
Y5 BM Modul 1c Cabaran,Riangnya Keluargaku,Y5 BM Modul 1c.csv
Y5 BM Modul 2a Asas,Keluarga Bestari,Y5 BM Modul 2a.csv
Y5 BM Modul 2b Sederhana,Keluarga Bestari,Y5 BM Modul 2b.csv
Y5 BM Modul 2c Cabaran,Keluarga Bestari,Y5 BM Modul 2c.csv
Y5 BM Modul 3a Asas,Hadapi Bersama-sama,Y5 BM Modul 3a.csv
Y5 BM Modul 3b Sederhana,Hadapi Bersama-sama,Y5 BM Modul 3b.csv
Y5 BM Modul 3c Cabaran,Hadapi Bersama-sama,Y5 BM Modul 3c.csv
Y5 BM Modul 4a Asas,Bersama-sama Pupuk Perpaduan,Y5 BM Modul 4a.csv
Y5 BM Modul 4b Sederhana,Bersama-sama Pupuk Perpaduan,Y5 BM Modul 4b.csv
Y5 BM Modul 4c Cabaran,Bersama-sama Pupuk Perpaduan,Y5 BM Modul 4c.csv
Y5 BM Modul 5a Asas,Hidup Berjiran Amalan Kita,Y5 BM Modul 5a.csv
Y5 BM Modul 5b Sederhana,Hidup Berjiran Amalan Kita,Y5 BM Modul 5b.csv
Y5 BM Modul 5c Cabaran,Hidup Berjiran Amalan Kita,Y5 BM Modul 5c.csv
Y5 BM Modul 6a Asas,Rakyat Bersatu Negara Maju,Y5 BM Modul 6a.csv
Y5 BM Modul 6b Sederhana,Rakyat Bersatu Negara Maju,Y5 BM Modul 6b.csv
Y5 BM Modul 6c Cabaran,Rakyat Bersatu Negara Maju,Y5 BM Modul 6c.csv
Y5 BM Modul 7a Asas,Sentiasa Peka Setiap Masa,Y5 BM Modul 7a.csv
Y5 BM Modul 7b Sederhana,Sentiasa Peka Setiap Masa,Y5 BM Modul 7b.csv
Y5 BM Modul 7c Cabaran,Sentiasa Peka Setiap Masa,Y5 BM Modul 7c.csv
Y5 BM Modul 8a Asas,Prihatin Pasti Selamat,Y5 BM Modul 8a.csv
Y5 BM Modul 8b Sederhana,Prihatin Pasti Selamat,Y5 BM Modul 8b.csv
Y5 BM Modul 8c Cabaran,Prihatin Pasti Selamat,Y5 BM Modul 8c.csv
Y5 BM Modul 9a Asas,Bersiap Sedia Hadapi Kemungkinan,Y5 BM Modul 9a.csv
Y5 BM Modul 9b Sederhana,Bersiap Sedia Hadapi Kemungkinan,Y5 BM Modul 9b.csv
Y5 BM Modul 9c Cabaran,Bersiap Sedia Hadapi Kemungkinan,Y5 BM Modul 9c.csv
Y5 BM Modul 10a Asas,Bersikap Jujur,Y5 BM Modul 10a.csv
Y5 BM Modul 10b Sederhana,Bersikap Jujur,Y5 BM Modul 10b.csv
Y5 BM Modul 10c Cabaran,Bersikap Jujur,Y5 BM Modul 10c.csv
Y5 BM Modul 11a Asas,Integriti Menyejahterakan Sekolah,Y5 BM Modul 11a.csv
Y5 BM Modul 11b Sederhana,Integriti Menyejahterakan Sekolah,Y5 BM Modul 11b.csv
Y5 BM Modul 11c Cabaran,Integriti Menyejahterakan Sekolah,Y5 BM Modul 11c.csv
Y5 BM Modul 12a Asas,Nilai Integriti,Y5 BM Modul 12a.csv
Y5 BM Modul 12b Sederhana,Nilai Integriti,Y5 BM Modul 12b.csv
Y5 BM Modul 12c Cabaran,Nilai Integriti,Y5 BM Modul 12c.csv
Y5 BM Modul 13a Asas,Cintailah Alam Kita,Y5 BM Modul 13a.csv
Y5 BM Modul 13b Sederhana,Cintailah Alam Kita,Y5 BM Modul 13b.csv
Y5 BM Modul 13c Cabaran,Cintailah Alam Kita,Y5 BM Modul 13c.csv
Y5 BM Modul 14a Asas,Celik Alam Sekitar,Y5 BM Modul 14a.csv
Y5 BM Modul 14b Sederhana,Celik Alam Sekitar,Y5 BM Modul 14b.csv
Y5 BM Modul 14c Cabaran,Celik Alam Sekitar,Y5 BM Modul 14c.csv
Y5 BM Modul 15a Asas,Amalan Lestari Hijau,Y5 BM Modul 15a.csv
Y5 BM Modul 15b Sederhana,Amalan Lestari Hijau,Y5 BM Modul 15b.csv
Y5 BM Modul 15c Cabaran,Amalan Lestari Hijau,Y5 BM Modul 15c.csv
Y5 BM Modul 16a Asas,Berjaya dalam Pertanian dan Penternakan,Y5 BM Modul 16a.csv
Y5 BM Modul 16b Sederhana,Berjaya dalam Pertanian dan Penternakan,Y5 BM Modul 16b.csv
Y5 BM Modul 16c Cabaran,Berjaya dalam Pertanian dan Penternakan,Y5 BM Modul 16c.csv
Y5 BM Modul 17a Asas,Produk Pertanian dan Penternakan,Y5 BM Modul 17a.csv
Y5 BM Modul 17b Sederhana,Produk Pertanian dan Penternakan,Y5 BM Modul 17b.csv
Y5 BM Modul 17c Cabaran,Produk Pertanian dan Penternakan,Y5 BM Modul 17c.csv
Y5 BM Modul 18a Asas,Teknologi dalam Pertanian dan Penternakan,Y5 BM Modul 18a.csv
Y5 BM Modul 18b Sederhana,Teknologi dalam Pertanian dan Penternakan,Y5 BM Modul 18b.csv
Y5 BM Modul 18c Cabaran,Teknologi dalam Pertanian dan Penternakan,Y5 BM Modul 18c.csv
Y5 BM Modul 19a Asas,Perniagaan Sumber Rezeki,Y5 BM Modul 19a.csv
Y5 BM Modul 19b Sederhana,Perniagaan Sumber Rezeki,Y5 BM Modul 19b.csv
Y5 BM Modul 19c Cabaran,Perniagaan Sumber Rezeki,Y5 BM Modul 19c.csv
Y5 BM Modul 20a Asas,Usahawan Berjaya,Y5 BM Modul 20a.csv
Y5 BM Modul 20b Sederhana,Usahawan Berjaya,Y5 BM Modul 20b.csv
Y5 BM Modul 20c Cabaran,Usahawan Berjaya,Y5 BM Modul 20c.csv
Y5 BM Modul 21a Asas,Bijak Mengurus Wang,Y5 BM Modul 21a.csv
Y5 BM Modul 21b Sederhana,Bijak Mengurus Wang,Y5 BM Modul 21b.csv
Y5 BM Modul 21c Cabaran,Bijak Mengurus Wang,Y5 BM Modul 21c.csv
Y5 BM Modul 22a Asas,Bermanfaatnya Sains,Y5 BM Modul 22a.csv
Y5 BM Modul 22b Sederhana,Bermanfaatnya Sains,Y5 BM Modul 22b.csv
Y5 BM Modul 22c Cabaran,Bermanfaatnya Sains,Y5 BM Modul 22c.csv
Y5 BM Modul 23a Asas,Teknologi dalam Kehidupan,Y5 BM Modul 23a.csv
Y5 BM Modul 23b Sederhana,Teknologi dalam Kehidupan,Y5 BM Modul 23b.csv
Y5 BM Modul 23c Cabaran,Teknologi dalam Kehidupan,Y5 BM Modul 23c.csv
Y5 BM Modul 24a Asas,Janakan Idea Kreatif dan Inovasi,Y5 BM Modul 24a.csv
Y5 BM Modul 24b Sederhana,Janakan Idea Kreatif dan Inovasi,Y5 BM Modul 24b.csv
Y5 BM Modul 24c Cabaran,Janakan Idea Kreatif dan Inovasi,Y5 BM Modul 24c.csv
